ID,Full name,Seniority,Team,Education,Hometown,Language
12080610,Nguyễn Thị Thanh Trang,Team leader,LEAN CI,High School,HCMC,"VN,EN"
14052701,Nguyễn Thị Bích Liễu,Team leader,ADMIN,College,HCMC,"VN,EN"
16031603,Võ Thị Thủy Tiên,Staff,LEAN IE,College,HCMC,"VN,EN"
16111801,Trần Thị Mỹ Diễm,Staff,LEAN CI,University,Quảng Nam,"VN,EN"
21051708,Chau Khách Huy,Team leader,LEAN TECHNOLOGY,University,An Giang,"VN,EN"
22022301,Trương Thị Cẩm Tú,Staff,LEAN IE,Highschool,Ca Mau,"VN,EN"
23032701,Vương Quốc Bảo,Team leader,LEAN IE,High School,HCMC,"VN,EN"
23040301,Nguyễn Minh Quang,S.Manager,,University,Dong Nai,VN. ENG
24031102,Nguyễn Thanh Phương,Staff,LEAN TPM,University,HCMC,"VN, EN"
24091901,Ngô Trần Phương Nguyên,Staff,LEAN CI,University,HCMC,"VN,EN"
25040201,Nguyễn Thanh Bình,Staff,LEAN CI,College,HCMC,"VN,EN"
25051501,Lê Thị Hồng Vân,Staff,LEAN IE,University,HCMC,"VN, EN"
25102001,Phạm Duy Hậu,Staff,LEAN TPM,University,HCMC,"VN,EN"
25102801,Trần Hải Quang,Staff,LEAN TECHNOLOGY,University,HCMC,"VN,EN"
25110301,Nguyễn Thế Quân,Staff,LEAN CI,University,HCMC,"VN, EN"
26031603,Đoàng Huỳnh Minh Trung,Staff,LEAN TPM,College,Dong Nai,"VN,EN"
26061101,Phạm Ngọc Minh,Staff,LEAN TECHNOLOGY,University,Hưng Yên,"VN,EN"
26070601,Hoàng Minh Chiến,Staff,LEAN TECHNOLOGY,University,Dong Nai,"VN,EN"
